Neighborhood,Price,No. of bedrooms,No. of bathrooms,House size,House Description,Neighbourhood Description
Austin,"$500,000",3,2,"1,500 sqft",Beautiful single-family home with modern finishes and spacious backyard.,Located in a vibrant and diverse community with great schools and plenty of outdoor activities.
Dallas,"$750,000",4,3,"2,500 sqft",Stunning two-story home with high ceilings and luxurious amenities.,Situated in a quiet and upscale neighborhood with easy access to shopping and dining options.
Houston,"$400,000",2,2,"1,200 sqft",Cozy bungalow with a spacious backyard and updated kitchen.,Located in a charming and historic neighborhood with great local restaurants and parks.
San Antonio,"$600,000",3,2,"1,800 sqft",Modern ranch-style home with a large backyard and open floor plan.,Situated in a family-friendly community with top-rated schools and easy access to major highways.
Fort Worth,"$900,000",5,4,"3,500 sqft",Spacious and elegant home with high-end finishes and a private pool.,Located in a prestigious and gated community with beautiful views and close proximity to downtown.
Plano,"$350,000",2,2,"1,500 sqft",Charming townhouse with a cozy fireplace and updated kitchen.,Situated in a quiet and well-maintained neighborhood with easy access to shopping and entertainment options.
El Paso,"$550,000",3,2,"2,000 sqft",Beautiful single-story home with a spacious backyard and modern finishes.,Located in a growing and diverse community with great schools and plenty of outdoor activities.
Arlington,"$800,000",4,3,"2,500 sqft",Stunning two-story home with a private pool and high-end amenities.,Situated in a quiet and upscale neighborhood with easy access to shopping and dining options.
Corpus Christi,"$450,000",2,2,"1,500 sqft",Cozy beachfront cottage with stunning ocean views and a spacious deck.,Located in a popular and lively beach community with great restaurants and outdoor activities.
Garland,"$650,000",3,2,"2,000 sqft",Modern and spacious home with a large backyard and open floor plan.,Situated in a family-friendly community with top-rated schools and easy access to major highways.
Lubbock,"$950,000",5,4,"3,500 sqft",Luxurious and elegant home with high-end finishes and a private pool.,Located in a prestigious and gated community with beautiful views and close proximity to downtown.
Irving,"$400,000",2,2,"1,500 sqft",Charming and updated townhouse with a cozy fireplace and modern kitchen.,Situated in a quiet and well-maintained neighborhood with easy access to shopping and entertainment options.
